"","Nursery Habitat","Blue Carbon","Recreation","Coastal Protection","Biodiversity"
"Nursery Habitat",1,0.097109721734884,0.132040704882056,0.333543512370905,0.466780685431327
"Blue Carbon",0.097109721734884,1,0.442670243075393,-0.320612369332587,0.280798041891608
"Recreation",0.132040704882056,0.442670243075393,1,-0.237529121829568,0.240028389077278
"Coastal Protection",0.333543512370905,-0.320612369332587,-0.237529121829568,1,0.0404594969801833
"Biodiversity",0.466780685431327,0.280798041891608,0.240028389077278,0.0404594969801833,1
