"","Biodiversity","Nursery Habitat","Blue Carbon","Recreation","Coastal Protection"
"Biodiversity",1,0.362161099733095,-0.00550396152016705,0.0511268026256963,0.225022841367867
"Nursery Habitat",0.362161099733095,1,-0.142622147151364,-0.153159067563103,0.482575134914693
"Blue Carbon",-0.00550396152016705,-0.142622147151364,1,0.208959418021482,-0.278878597685804
"Recreation",0.0511268026256963,-0.153159067563103,0.208959418021482,1,-0.279810536289388
"Coastal Protection",0.225022841367867,0.482575134914693,-0.278878597685804,-0.279810536289388,1
