"","Biodiversity","Nursery Habitat","Blue Carbon","Recreation","Coastal Protection"
"Biodiversity",1,0.478070605442541,0.152526186706354,0.103538024349837,0.180096632601251
"Nursery Habitat",0.478070605442541,1,-0.131263974249684,0.0612052302192337,0.356480378230918
"Blue Carbon",0.152526186706354,-0.131263974249684,1,0.247960776402302,-0.340781116086675
"Recreation",0.103538024349837,0.0612052302192337,0.247960776402302,1,-0.230933453291139
"Coastal Protection",0.180096632601251,0.356480378230918,-0.340781116086675,-0.230933453291139,1
