,BioDiv,NursHab,BlueCar,RecUse,CoastPro
BioDiv,1,0.092815754,0.084816788,0.04732294,0.117696359
NursHab,0.092815754,1,0.025560963,0.047087285,0.096111123
BlueCar,0.084816788,0.025560963,1,0.044696528,0.067171171
RecUse,0.04732294,0.047087285,0.044696528,1,0.02177528
CoastPro,0.117696359,0.096111123,0.067171171,0.02177528,1
