,BioDiv,NursHab,BlueCar,RecUse,CoastPro
BioDiv,1,0.143864598,0.057827927,0.076163611,0.057827927
NursHab,0.143864598,1,0.012693935,0.09167842,0.047954866
BlueCar,0.057827927,0.012693935,1,0.04090268,0.038081805
RecUse,0.076163611,0.09167842,0.04090268,1,0.016925247
CoastPro,0.057827927,0.047954866,0.038081805,0.016925247,1
