,BioDiv,NursHab,BlueCar,RecUse,CoastPro
BioDiv,1,0.170662906,0.08180536,0.104372355,0.077574048
NursHab,0.170662906,1,0.029619182,0.105782793,0.073342736
BlueCar,0.08180536,0.029619182,1,0.069111425,0.046544429
RecUse,0.104372355,0.105782793,0.069111425,1,0.026798307
CoastPro,0.077574048,0.073342736,0.046544429,0.026798307,1
