"","Bio_Nurs_WW","Bio_Blu_WW","Bio_Rec_WW","Bio_Coast_WW","Nurs_Blu_WW","Nurs_Rec_WW","Nurs_Coast_WW","Blue_Rec_WW","Blue_Coast_WW","Rec_Coast_WW"
"1",0.077120822622108,0.0565552699228792,0.0719794344473008,0.0501285347043702,0.0179948586118252,0.106683804627249,0.06426735218509,0.0796915167095116,0.0269922879177378,0.0694087403598972
