,BioDiv,NursHab,BlueCar,RecUse,CoastPro
BioDiv,1,0.050128535,0.035989717,0.047557841,0.029562982
NursHab,0.050128535,1,0.003856041,0.065552699,0.0218509
BlueCar,0.035989717,0.003856041,1,0.043701799,0.016709512
RecUse,0.047557841,0.065552699,0.043701799,1,0.024421594
CoastPro,0.029562982,0.0218509,0.016709512,0.024421594,1
