,BioDiv,NursHab,BlueCar,RecUse,CoastPro
BioDiv,1,0.077120823,0.05655527,0.071979434,0.050128535
NursHab,0.077120823,1,0.017994859,0.106683805,0.064267352
BlueCar,0.05655527,0.017994859,1,0.079691517,0.026992288
RecUse,0.071979434,0.106683805,0.079691517,1,0.06940874
CoastPro,0.050128535,0.064267352,0.026992288,0.06940874,1
