"","Bio_Nurs_WW","Bio_Blu_WW","Bio_Rec_WW","Bio_Coast_WW","Nurs_Blu_WW","Nurs_Rec_WW","Nurs_Coast_WW","Blue_Rec_WW","Blue_Coast_WW","Rec_Coast_WW"
"1",0.0198140226114753,0.0293713523365001,0.0121742402502504,0.0265339903799556,0,0.0152016465441387,0.019713299112683,0.000587237002392658,0.0225221544186259,0.000859000404794439
