,BioDiv,NursHab,BlueCar,RecUse,CoastPro
BioDiv,1,0.101932136,0.038789026,0.086141482,0.050727111
NursHab,0.101932136,1,0.026548586,0.099253219,0.058978435
BlueCar,0.038789026,0.026548586,1,0.077454509,0.02299512
RecUse,0.086141482,0.099253219,0.077454509,1,0.046042258
CoastPro,0.050727111,0.058978435,0.02299512,0.046042258,1
