"","Bio_Nurs_WW","Bio_Blu_WW","Bio_Rec_WW","Bio_Coast_WW","Nurs_Blu_WW","Nurs_Rec_WW","Nurs_Coast_WW","Blue_Rec_WW","Blue_Coast_WW","Rec_Coast_WW"
"1",0.130092950685395,0.116385052632779,0.0656964269764136,0.163356411050698,0.0442803306011292,0.0563082367116248,0.137403956343015,0.0797502057229952,0.0825305543783365,0.042993730437311
