"","Bio_Nurs_WW","Bio_Blu_WW","Bio_Rec_WW","Bio_Coast_WW","Nurs_Blu_WW","Nurs_Rec_WW","Nurs_Coast_WW","Blue_Rec_WW","Blue_Coast_WW","Rec_Coast_WW"
"1",0.0928157539153885,0.0848167877565836,0.0473229404420051,0.117696358560452,0.0255609633727549,0.0470872854636987,0.0961111227249317,0.0446965276999124,0.0671711710342023,0.0217752801728643
