,BioDiv,NursHab,BlueCar,RecUse,CoastPro
BioDiv,1,0.248236953,0.136812412,0.155148096,0.170662906
NursHab,0.248236953,1,0.074753173,0.152327221,0.156558533
BlueCar,0.136812412,0.074753173,1,0.125528914,0.076163611
RecUse,0.155148096,0.152327221,0.125528914,1,0.077574048
CoastPro,0.170662906,0.156558533,0.076163611,0.077574048,1
