,BioDiv,NursHab,BlueCar,RecUse,CoastPro
BioDiv,1,0.14436891,0.064040418,0.124403827,0.078153498
NursHab,0.14436891,1,0.044231388,0.129121192,0.1040161
BlueCar,0.064040418,0.044231388,1,0.117599248,0.033385676
RecUse,0.124403827,0.129121192,0.117599248,1,0.0815184
CoastPro,0.078153498,0.1040161,0.033385676,0.0815184,1
