,BioDiv,NursHab,BlueCar,RecUse,CoastPro
BioDiv,1,0.030848329,0.030848329,0.033419023,0.023136247
NursHab,0.030848329,1,0.002570694,0.043701799,0.01285347
BlueCar,0.030848329,0.002570694,1,0.030848329,0.015424165
RecUse,0.033419023,0.043701799,0.030848329,1,0.011568123
CoastPro,0.023136247,0.01285347,0.015424165,0.011568123,1
