"","Bio_Nurs_WW","Bio_Blu_WW","Bio_Rec_WW","Bio_Coast_WW","Nurs_Blu_WW","Nurs_Rec_WW","Nurs_Coast_WW","Blue_Rec_WW","Blue_Coast_WW","Rec_Coast_WW"
"1",0.248236953455571,0.136812411847673,0.155148095909732,0.170662905500705,0.07475317348378,0.152327221438646,0.156558533145275,0.125528913963329,0.076163610719323,0.077574047954866
